{
    "timestamp": "2025-03-20T11:18:17.576774",
    "run": 1742449697,
    "results": {
        "final_fitness": 0.9517643661508339,
        "protocol_parameters": {
            "encryption": [
                0.9033317126746653,
                0.9702278864423907,
                0.9947719084157624
            ],
            "routing": [
                0.5824277955365986,
                0.2857570831105305,
                0.5897683753483439
            ],
            "deception": [
                0.9485914790507258,
                0.9494606062595865,
                0.9789023966996048
            ]
        },
        "simulation_details": {
            "dummy_duration": 1000,
            "num_nodes": 50
        }
    }
}