{
    "timestamp": "2025-03-20T10:49:38.590784",
    "final_fitness": 0.9506189059961396,
    "protocol_parameters": {
        "encryption": [
            0.9530392314089249,
            0.965785064414434,
            0.9588298093740788
        ],
        "routing": [
            0.3372479463081841,
            0.3510271547578251,
            0.8426732173509146
        ],
        "deception": [
            0.9993766619373101,
            0.8650501805503458,
            0.9875212926044089
        ]
    },
    "simulation_details": {
        "dummy_duration": 1000,
        "num_nodes": 50
    }
}