{
    "timestamp": "2025-03-20T11:08:34.980364",
    "final_fitness": 0.9431443956035058,
    "protocol_parameters": {
        "encryption": [
            0.9784897348379292,
            0.9755608002415552,
            0.9151565300798093
        ],
        "routing": [
            0.0596878864739383,
            0.9775275877396432,
            0.4780589474328081
        ],
        "deception": [
            0.9018766745542753,
            0.9904880282915781,
            0.9040409175757244
        ]
    },
    "simulation_details": {
        "dummy_duration": 1000,
        "num_nodes": 50
    }
}