{
    "timestamp": "2025-03-20T11:14:32.465836",
    "final_fitness": 0.9614596596262787,
    "protocol_parameters": {
        "encryption": [
            0.9239762152332776,
            0.9761072958665904,
            0.972580230738681
        ],
        "routing": [
            0.21673183112495586,
            0.4723462098239757,
            0.8684156310574236
        ],
        "deception": [
            0.9793890672545569,
            0.9954162736900997,
            0.9818638391457012
        ]
    },
    "simulation_details": {
        "dummy_duration": 1000,
        "num_nodes": 50
    }
}