{
    "timestamp": "2025-03-20T10:48:52.309351",
    "final_fitness": 0.9187385778356407,
    "protocol_parameters": {
        "encryption": [
            0.9626199659511534,
            0.9706241269889441,
            0.8744560675436056
        ],
        "routing": [
            0.8914284614493028,
            0.16419423224670504,
            0.4349729230610513
        ],
        "deception": [
            0.9043262160133225,
            0.9883221332508794,
            0.8096763139912627
        ]
    },
    "simulation_details": {
        "dummy_duration": 1000,
        "num_nodes": 50
    }
}