{
    "timestamp": "2025-03-20T11:02:44.197340",
    "final_fitness": 0.9028777760015412,
    "protocol_parameters": {
        "encryption": [
            0.959137663267537,
            0.8414403319593693,
            0.8886495239820885
        ],
        "routing": [
            0.47761361582958717,
            0.41358949672775647,
            0.5980900189081086
        ],
        "deception": [
            0.8941162755215818,
            0.969196786324935,
            0.8353140554510706
        ]
    },
    "simulation_details": {
        "dummy_duration": 1000,
        "num_nodes": 50
    }
}