{
    "timestamp": "2025-03-20T11:13:57.038229",
    "final_fitness": 0.9356084287895109,
    "protocol_parameters": {
        "encryption": [
            0.860356911907661,
            0.9457497835848535,
            0.9959134209192594
        ],
        "routing": [
            0.24494862311798682,
            0.6000682427716514,
            0.6679336866281212
        ],
        "deception": [
            0.963966690823595,
            0.9444635954603969,
            0.8934008824351327
        ]
    },
    "simulation_details": {
        "dummy_duration": 1000,
        "num_nodes": 50
    }
}