{
    "timestamp": "2025-03-20T10:50:52.778660",
    "final_fitness": 0.9338146966473915,
    "protocol_parameters": {
        "encryption": [
            0.8879995784624478,
            0.9062993605200956,
            0.8887440102488455
        ],
        "routing": [
            0.32946168588935243,
            0.548989464390372,
            0.6616885136219749
        ],
        "deception": [
            0.9531878250047134,
            0.960983775998452,
            0.9960106849235725
        ]
    },
    "simulation_details": {
        "dummy_duration": 1000,
        "num_nodes": 50
    }
}