{
    "timestamp": "2025-03-20T10:54:24.982559",
    "final_fitness": 0.9589534154969043,
    "protocol_parameters": {
        "encryption": [
            0.8636722874679883,
            0.980205243841155,
            0.908764405426353
        ],
        "routing": [
            0.5353058588419325,
            0.9435181321515981,
            0.008370140328104125
        ],
        "deception": [
            0.9683327550088001,
            0.9955053856654869,
            0.9989305778261239
        ]
    },
    "simulation_details": {
        "dummy_duration": 1000,
        "num_nodes": 50
    }
}