{
    "timestamp": "2025-03-20T10:48:05.868484",
    "final_fitness": 0.9525845919355149,
    "protocol_parameters": {
        "encryption": [
            0.9290029891500902,
            0.9832112438907749,
            0.9377847972812788
        ],
        "routing": [
            0.7292314451681327,
            0.0759504670449841,
            0.665790338286874
        ],
        "deception": [
            0.9908401998934437,
            0.9294449241975868,
            0.9552340337354064
        ]
    },
    "simulation_details": {
        "dummy_duration": 1000,
        "num_nodes": 50
    }
}