{
    "timestamp": "2025-03-20T10:41:41.239380",
    "final_fitness": 0.9484039464929774,
    "protocol_parameters": {
        "encryption": [
            0.9463049896976223,
            0.9286274825403447,
            0.9845698625259017
        ],
        "routing": [
            0.147332476506564,
            0.50907446695393,
            0.8198100751575536
        ],
        "deception": [
            0.9346633595366026,
            0.9461864305807782,
            0.9577094961279756
        ]
    },
    "simulation_details": {
        "dummy_duration": 1000,
        "num_nodes": 50
    }
}