{
    "timestamp": "2025-03-20T10:48:06.383384",
    "final_fitness": 0.9492783601070405,
    "protocol_parameters": {
        "encryption": [
            0.9850193250939039,
            0.7662136838844117,
            0.9540354482500819
        ],
        "routing": [
            0.7517437203740152,
            0.25613390811801884,
            0.498451629063836
        ],
        "deception": [
            0.9688561686085145,
            0.9999761744178502,
            0.9740382939548639
        ]
    },
    "simulation_details": {
        "dummy_duration": 1000,
        "num_nodes": 50
    }
}