{
    "timestamp": "2025-03-20T11:18:10.460572",
    "run": 1742449690,
    "results": {
        "final_fitness": 0.9596674595296568,
        "protocol_parameters": {
            "encryption": [
                0.9838871158280013,
                0.9667849801932036,
                0.9545503253760863
            ],
            "routing": [
                0.9975047775155456,
                0.17802734784115914,
                0.3591221830882979
            ],
            "deception": [
                0.9897991576894581,
                0.9920755650364163,
                0.9016672074301073
            ]
        },
        "simulation_details": {
            "dummy_duration": 1000,
            "num_nodes": 50
        }
    }
}