{
    "timestamp": "2025-03-20T11:18:28.323889",
    "run": 1742449708,
    "results": {
        "final_fitness": 0.9521924814695404,
        "protocol_parameters": {
            "encryption": [
                0.9747510516969327,
                0.9383677784734792,
                0.9381861759609598
            ],
            "routing": [
                0.5338895593390689,
                0.6019431263896845,
                0.3902004133140218
            ],
            "deception": [
                0.990839200478931,
                0.9884130510565102,
                0.8920136116340507
            ]
        },
        "simulation_details": {
            "dummy_duration": 1000,
            "num_nodes": 50
        }
    }
}