{
    "timestamp": "2025-03-20T11:17:49.142952",
    "run": 1742449669,
    "results": {
        "final_fitness": 0.9658833561066541,
        "protocol_parameters": {
            "encryption": [
                0.8983507506839917,
                0.9791246486207336,
                0.9920038932725457
            ],
            "routing": [
                0.4034978970882962,
                0.7594161762902181,
                0.3513425359242819
            ],
            "deception": [
                0.9621401858594351,
                0.9585409495942878,
                0.9980923929840981
            ]
        },
        "simulation_details": {
            "dummy_duration": 1000,
            "num_nodes": 50
        }
    }
}