{
    "timestamp": "2025-03-20T10:56:55.333771",
    "final_fitness": 0.9163976670876508,
    "protocol_parameters": {
        "encryption": [
            0.9575432401233637,
            0.9127586163420892,
            0.8045029154987993
        ],
        "routing": [
            0.41149258176009995,
            0.3514432725866854,
            0.7349953530672538
        ],
        "deception": [
            0.9227132365585937,
            0.9413889251452391,
            0.9196883491932849
        ]
    },
    "simulation_details": {
        "dummy_duration": 1000,
        "num_nodes": 50
    }
}