{
    "timestamp": "2025-03-20T10:55:56.671961",
    "final_fitness": 0.931140839029198,
    "protocol_parameters": {
        "encryption": [
            0.9285407169681815,
            0.9934288122183719,
            0.950857465789147
        ],
        "routing": [
            0.9058874597131458,
            0.37118157358268455,
            0.2532450305079228
        ],
        "deception": [
            0.9119215035359607,
            0.9126910337158736,
            0.9116646743757838
        ]
    },
    "simulation_details": {
        "dummy_duration": 1000,
        "num_nodes": 50
    }
}