{
    "timestamp": "2025-03-20T10:53:37.266038",
    "final_fitness": 0.9355409509882044,
    "protocol_parameters": {
        "encryption": [
            0.9060396372725393,
            0.969495282111106,
            0.9147243358710544
        ],
        "routing": [
            0.6809781809095349,
            0.5862977906889618,
            0.2219208362588908
        ],
        "deception": [
            0.9940575175952124,
            0.8933408862847728,
            0.9232375963224323
        ]
    },
    "simulation_details": {
        "dummy_duration": 1000,
        "num_nodes": 50
    }
}