{
    "timestamp": "2025-03-20T11:05:30.783898",
    "final_fitness": 0.9237618529544082,
    "protocol_parameters": {
        "encryption": [
            0.877133828604263,
            0.9252272147744746,
            0.8279037935497784
        ],
        "routing": [
            0.5597901369358249,
            0.04341185700519845,
            0.8976267350677043
        ],
        "deception": [
            0.9483184229500399,
            0.9857350929736868,
            0.9256757305003549
        ]
    },
    "simulation_details": {
        "dummy_duration": 1000,
        "num_nodes": 50
    }
}