{
    "timestamp": "2025-03-20T11:20:27.898388",
    "run": 1742449827,
    "results": {
        "final_fitness": 0.9651359905388391,
        "protocol_parameters": {
            "encryption": [
                0.9081094497763615,
                0.9489481047129684,
                0.9851221820444193
            ],
            "routing": [
                0.3835479604918426,
                0.5566564673123165,
                0.5883085369848978
            ],
            "deception": [
                0.9924917923766085,
                0.9891074270904259,
                0.9647607781477776
            ]
        },
        "simulation_details": {
            "dummy_duration": 1000,
            "num_nodes": 50
        }
    }
}