{
    "timestamp": "2025-03-20T10:44:45.435793",
    "final_fitness": 0.9397170456347483,
    "protocol_parameters": {
        "encryption": [
            0.977947381476044,
            0.9867376677219689,
            0.9821933841729039
        ],
        "routing": [
            0.2572932742431655,
            0.4137661748208945,
            0.8533503806991468
        ],
        "deception": [
            0.9278903543673029,
            0.8603900905620024,
            0.9342808920871637
        ]
    },
    "simulation_details": {
        "dummy_duration": 1000,
        "num_nodes": 50
    }
}